<?xml version="1.0" encoding="UTF-8" standalone="yes"?>
<manifest>
  <control namespace="PDFExtractorNamespace" constructor="PDFExtractor" version="0.0.1" display-name-key="PDFExtractor" description-key="Extracts form data from dropped PDFs" control-type="standard" api-version="1.3.18">
    <property name="resetTrigger" display-name-key="Reset Trigger" description-key="Whole number to reset the component state when changed" of-type="Whole.None" usage="input" required="false"/>
    <property name="ExtractedData" display-name-key="Extracted Data" description-key="JSON string of extracted PDF form data" of-type="SingleLine.Text" usage="output" required="false"/>
    <property name="FileName" display-name-key="File Name" description-key="Name of the dropped PDF file" of-type="SingleLine.Text" usage="output" required="false"/>
    <property name="FileContent" display-name-key="File Content" description-key="Base64-encoded content of the PDF for attachment upload" of-type="SingleLine.Text" usage="output" required="false"/>
    <resources>
      <code path="bundle.js" order="1"/>
      <css path="PDFExtractor.css" order="1"/>
    </resources>
    <feature-usage/>
    <built-by name="pac" version="1.48.2"/>
  </control>
</manifest>